,Hour,Timestamp,Price (€/MWh),Action,Charge (MW),Discharge (MW),SoC Start (%),SoC End (%),Revenue (€),Cost (€),Net P&L (€)
0,0,2018-03-15 08:00:00+00:00,53.92,Idle,0.0,0.0,10.0,10.0,0.0,0.0,0.0
1,1,2018-03-15 09:00:00+00:00,54.52,Idle,0.0,0.0,10.0,10.0,0.0,0.0,0.0
2,2,2018-03-15 10:00:00+00:00,53.45,Idle,0.0,0.0,10.0,10.0,0.0,0.0,0.0
3,3,2018-03-15 11:00:00+00:00,52.26,Idle,0.0,0.0,10.0,10.0,0.0,0.0,0.0
4,4,2018-03-15 12:00:00+00:00,49.89,Idle,0.0,0.0,10.0,10.0,0.0,0.0,0.0
5,5,2018-03-15 13:00:00+00:00,46.83,Idle,0.0,0.0,10.0,10.0,0.0,0.0,0.0
6,6,2018-03-15 14:00:00+00:00,42.84,Charge,5.0,0.0,10.0,32.5,0.0,214.21,-214.21
7,7,2018-03-15 15:00:00+00:00,41.79,Charge,5.0,0.0,32.5,55.0,0.0,208.94,-208.94
8,8,2018-03-15 16:00:00+00:00,43.8,Charge,4.815,0.0,55.0,76.7,0.0,210.87,-210.87
9,9,2018-03-15 17:00:00+00:00,52.66,Idle,0.0,0.0,76.7,76.7,0.0,0.0,0.0
10,10,2018-03-15 18:00:00+00:00,66.1,Discharge,0.0,4.0,76.7,54.4,264.4,0.0,264.4
11,11,2018-03-15 19:00:00+00:00,67.32,Discharge,0.0,4.0,54.4,32.2,269.28,0.0,269.28
12,12,2018-03-15 20:00:00+00:00,58.34,Discharge,0.0,4.0,32.2,10.0,233.35,0.0,233.35
13,13,2018-03-15 21:00:00+00:00,49.06,Idle,0.0,0.0,10.0,10.0,0.0,0.0,0.0
14,14,2018-03-15 22:00:00+00:00,42.74,Idle,0.0,0.0,10.0,10.0,0.0,0.0,0.0
15,15,2018-03-15 23:00:00+00:00,42.6,Idle,0.0,0.0,10.0,10.0,0.0,0.0,0.0
16,16,2018-03-16 00:00:00+00:00,49.95,Idle,0.0,0.0,10.0,10.0,0.0,0.0,0.0
17,17,2018-03-16 01:00:00+00:00,42.06,Idle,0.0,0.0,10.0,10.0,0.0,0.0,0.0
18,18,2018-03-16 02:00:00+00:00,38.4,Charge,5.0,0.0,10.0,32.5,0.0,192.01,-192.01
19,19,2018-03-16 03:00:00+00:00,38.32,Charge,5.0,0.0,32.5,55.0,0.0,191.62,-191.62
20,20,2018-03-16 04:00:00+00:00,41.34,Idle,0.0,0.0,55.0,55.0,0.0,0.0,0.0
21,21,2018-03-16 05:00:00+00:00,49.62,Discharge,0.0,0.1,55.0,54.4,4.96,0.0,4.96
22,22,2018-03-16 06:00:00+00:00,57.51,Discharge,0.0,4.0,54.4,32.2,230.02,0.0,230.02
23,23,2018-03-16 07:00:00+00:00,60.84,Discharge,0.0,4.0,32.2,10.0,243.34,0.0,243.34
